url,title,index
https://mykoreankitchen.com/spicy-mayo-recipe/,Spicy gochujang mayo,183
https://mykoreankitchen.com/strawberry-milk/,Korean strawberry milk,184
https://mykoreankitchen.com/dakgangjeong-soy-garlic-fried-chicken/,Dakgangjeong - soy garlic fried chicken,185
https://mykoreankitchen.com/chili-oil-recipe/,Korean chili oil recipe,186
https://mykoreankitchen.com/dalgona-coffee-whipped-coffee/,Dalgona coffee (korean whipped coffee),187
https://mykoreankitchen.com/omelet-rice-omurice/,Omurice (omelette rice),188
https://mykoreankitchen.com/tuna-pancakes-chamchijeon/,Tuna pancakes (chamchijeon),189
https://mykoreankitchen.com/pan-fried-zucchini/,Pan fried korean zucchini (hobak jeon),190
https://mykoreankitchen.com/slow-cooker-short-ribs/,Slow cooker korean short ribs,191
https://mykoreankitchen.com/korean-ground-beef-rice-bowls/,Korean ground beef and rice bowls,192
https://mykoreankitchen.com/doenjang-jjigae/,Doenjang jjigae (korean soybean paste stew),193
https://mykoreankitchen.com/spicy-sweet-and-vinegary-noodles-bibim-guksu/,Bibim guksu (korean cold noodle salad),194
https://mykoreankitchen.com/galbitang-beef-short-rib-soup/,Galbitang (korean beef short rib soup),195
https://mykoreankitchen.com/nuclear-fire-noodle-fries/,Nuclear fire noodle fries,196
https://mykoreankitchen.com/kimchi-jjim-braised-kimchi/,Kimchi jjim (braised kimchi),197
https://mykoreankitchen.com/air-fryer-chicken-wings/,Air fryer korean chicken wings,198
https://mykoreankitchen.com/pickled-radishes/,Quick pickled radishes,199
https://mykoreankitchen.com/air-fryer-chickpeas/,Air fryer korean bbq chickpeas,200
https://mykoreankitchen.com/bean-sprout-rice-kongnamul-bap/,Kongnamul bap (soybean sprout rice),201
https://mykoreankitchen.com/gochujang-chicken/,Gochujang chicken recipe,202
https://mykoreankitchen.com/korean-style-tuna-cakes/,Gochujang mayo tuna patties,203
https://www.justonecookbook.com/cherry-blossom-milk-pudding/,Cherry blossom milk pudding,328
https://www.justonecookbook.com/easy-apple-pie/,Easy apple pie,329
https://www.justonecookbook.com/chocolate-gateau-chocolate-cake/,Chocolate gateau (chocolate cake),330
https://www.justonecookbook.com/matcha-and-white-chocolate-truffles-guest-post-by-with-a-glass/,Matcha and white chocolate truffles,331
https://www.justonecookbook.com/sesame-cookies/,Black sesame cookies,332
https://www.justonecookbook.com/pineapple-sorbet/,Pineapple sorbet,333
https://www.justonecookbook.com/dorayaki-japanese-red-bean-pancake/,Dorayaki (japanese red bean pancake),334
https://www.justonecookbook.com/green-tea-cookie-vegan/,Green tea cookie (vegan),335
https://www.justonecookbook.com/basque-burnt-cheesecake/,Basque burnt cheesecake,336
https://www.justonecookbook.com/orange-chiffon-cake/,Orange chiffon cake,337
https://www.justonecookbook.com/warabi-mochi/,Warabi mochi,338
https://www.justonecookbook.com/pineapple-upside-down-cake/,Pineapple upside down cake,339
https://www.justonecookbook.com/green-tea-madeleine/,Green tea madeleines,340
https://www.justonecookbook.com/yuzu-sorbet/,Yuzu sorbet,341
https://www.justonecookbook.com/matcha-zenzai/,Matcha zenzai,342
https://www.justonecookbook.com/frozen-chocolate-banana/,Frozen chocolate banana,343
https://www.justonecookbook.com/custard-cream-pastry-cream/,Custard cream (pastry cream),344
https://www.justonecookbook.com/chocolate-cake-guest-post-by-gourmantines-blog/,Chocolate cake,345
https://www.justonecookbook.com/blueberry-cake/,Blueberry cake,346
https://www.justonecookbook.com/chocolate-ice-cream/,Chocolate ice cream,347
https://www.justonecookbook.com/coconut-macaroons/,Coconut macaroons,348
https://www.justonecookbook.com/shiratama-dango/,Shiratama dango,349
https://www.justonecookbook.com/green-tea-white-chocolate-cookies/,Matcha green tea cookies,350
https://www.justonecookbook.com/yuzu-ice-cream/,Yuzu ice cream,351
https://www.justonecookbook.com/coffee-ice-cream/,Coffee ice cream,352
https://www.justonecookbook.com/strawberry-cheesecake-ice-cream/,Strawberry cheesecake ice cream,353
https://www.justonecookbook.com/chocolate-chiffon-cake/,Chocolate chiffon cake,354
https://www.justonecookbook.com/panettone-bread-pudding/,Panettone bread pudding,355
https://www.justonecookbook.com/castella/,Castella,356
https://www.justonecookbook.com/chocolate-chip-cookies-with-nutella-recipe/,Chocolate chip cookies with nutella,357
https://www.justonecookbook.com/sweet-potato-pie/,Sweet potato pie,358
https://www.justonecookbook.com/cherry-blossom-madeleines/,Cherry blossom madeleines,359
https://www.justonecookbook.com/kashiwa-mochi/,Kashiwa mochi,360
https://www.justonecookbook.com/meyer-lemon-cookies/,Meyer lemon cookies (sables),361
https://www.justonecookbook.com/nama-chocolate/,Nama chocolate,362
https://www.justonecookbook.com/cherry-blossom-cookies/,Cherry blossom cookies,363
https://www.justonecookbook.com/matcha-tiramisu/,Matcha tiramisu,364
https://www.justonecookbook.com/souffle-japanese-cheesecake/,Japanese cheesecake,365
https://www.justonecookbook.com/matcha-vegan-panna-cotta/,Matcha vegan panna cotta,366
https://www.justonecookbook.com/peanut-butter-chocolate-chip-cookies/,5 ingredient peanut butter chocolate chip cookies,367
https://www.justonecookbook.com/tofu-pudding-blancmange/,Tofu pudding (blancmange),368
https://www.justonecookbook.com/mitarashi-dango/,Mitarashi dango,369
https://www.justonecookbook.com/daifuku/,Daifuku mochi,370
https://www.justonecookbook.com/tart-crust/,Sweet tart crust,371
https://www.justonecookbook.com/pear-almond-tart/,Pear and almond tart,372
https://www.justonecookbook.com/sakura-mochi/,Sakura mochi,373
https://www.justonecookbook.com/miso-butter-cookies/,Miso butter cookies,374
https://www.justonecookbook.com/green-tea-donuts/,Matcha green tea donuts,375
https://www.justonecookbook.com/lavender-madeleines-guest-post-by-roti-n-rice/,Lavender madeleines,376
https://www.justonecookbook.com/purin-dora/,Purin dora,377
https://www.justonecookbook.com/twinkie-minions/,Twinkie minions,378
https://www.justonecookbook.com/zenzai-red-bean-soup/,Zenzai (oshiruko) - red bean soup with mochi,379
https://www.justonecookbook.com/chocolate-souffle/,Chocolate souffle,380
https://www.justonecookbook.com/fruit-jelly/,Fruit jelly,381
https://www.justonecookbook.com/meyer-lemon-chiffon-cake/,Meyer lemon chiffon cake,382
https://www.justonecookbook.com/lychee-coconut-sorbet/,Lychee coconut sorbet,383
https://www.justonecookbook.com/chocolate-covered-strawberries/,Chocolate covered strawberries,384
https://www.justonecookbook.com/white-bean-paste-shiroan/,White bean paste (shiroan),385
https://www.justonecookbook.com/green-tea-chiffon-cake/,Green tea chiffon cake,386
https://www.justonecookbook.com/banana-bread/,Banana bread,221
https://www.justonecookbook.com/matcha-marble-pound-cake/,Matcha marble pound cake,387
https://www.justonecookbook.com/matcha-swiss-roll/,Matcha swiss roll (roll cake),388
https://www.justonecookbook.com/easy-apple-tart/,Easy apple tart,389
https://www.justonecookbook.com/nougat-and-glace-with-orange-caramel-guest-post-by-mad-about-macarons/,Nougat glacé choux with orange caramel,390
https://www.justonecookbook.com/black-sesame-ice-cream/,Black sesame ice cream,391
https://www.justonecookbook.com/mochi-ice-cream/,Mochi ice cream,392
https://www.justonecookbook.com/blueberry-frozen-yogurt/,Blueberry frozen yogurt,393
https://www.justonecookbook.com/mango-lassi-popsicles/,Mango lassi popsicles,394
https://www.justonecookbook.com/ohagi-botamochi/,Ohagi (botamochi),395
https://www.justonecookbook.com/almond-cookies/,Almond cookies,396
https://www.justonecookbook.com/imagawayaki-obanyaki/,Imagawayaki (obanyaki),397
https://www.justonecookbook.com/kabocha-squash-pie/,Kabocha pie,398
https://www.justonecookbook.com/strawberry-daifuku/,Strawberry mochi (ichigo daifuku),399
https://www.justonecookbook.com/no-bake-creme-caramel/,No-bake creme caramel (japanese purin),400
https://www.justonecookbook.com/strawberry-frozen-yogurt/,Strawberry frozen yogurt,401
https://www.justonecookbook.com/meyer-lemon-pound-cake/,Meyer lemon pound cake,402
https://www.justonecookbook.com/green-tea-mochi/,Green tea mochi,403
https://www.justonecookbook.com/soy-sauce-caramel-ice-cream/,Soy sauce caramel ice cream,404
https://www.justonecookbook.com/tsukimi-dango/,Tsukimi dango,405
https://www.justonecookbook.com/japanese-strawberry-shortcake/,Japanese strawberry shortcake,406
https://www.justonecookbook.com/sata-andagi/,Sata andagi,220
https://www.justonecookbook.com/green-tea-pudding/,Green tea pudding,407
https://www.justonecookbook.com/coffee-jelly/,Coffee jelly,408
https://www.justonecookbook.com/red-bean-ice-cream/,Azuki red bean ice cream,409
https://www.justonecookbook.com/chocolate-almond-toffee/,Chocolate almond toffee,410
https://www.justonecookbook.com/pon-de-ring-donut-recipe/,Pon de ring donut,411
https://www.justonecookbook.com/green-tea-ice-cream-matcha-ice-cream/,Matcha green tea ice cream,412
https://www.justonecookbook.com/japanese-sweet-potato/,Japanese sweet potato (dessert),413
https://www.justonecookbook.com/earl-grey-chiffon-cake/,Earl grey chiffon cake,414
https://www.justonecookbook.com/green-tea-chocolate/,Green tea chocolate,415
https://www.justonecookbook.com/instant-pot-kabocha-flan/,Instant pot kabocha flan,416
https://www.justonecookbook.com/flambeed-pear-purses-with-caramel-sauce-and-ganache-guest-post-by-five-euro-food/,Flambéed pear purses with caramel sauce and ganâche,417
https://www.justonecookbook.com/mizu-yokan/,Mizu yokan,418
https://www.justonecookbook.com/mini-fruit-puff-pastry-with-lemon-glaze/,Mini fruit puff pastry with lemon glaze,206
https://www.justonecookbook.com/custard-pudding/,Custard pudding,419
https://www.justonecookbook.com/ume-shaved-ice/,Ume shaved ice,420
https://www.justonecookbook.com/orange-jelly/,Orange jelly,421
https://www.justonecookbook.com/sesame-cupcakes-with-honey-meringue-frosting-guest-post-by-t-and-tea-cake/,Sesame cupcakes with honey meringue frosting,422
https://www.justonecookbook.com/cherry-clafoutis/,Cherry clafoutis,423
https://www.justonecookbook.com/how-to-make-agar/,How to make agar/kanten,424
https://www.justonecookbook.com/how-to-make-anko-red-bean-paste/,Sweet red bean paste (tsubuan & koshian),425
https://www.justonecookbook.com/cherry-bars/,Cherry bars,426
https://www.justonecookbook.com/mango-ice-cream/,Mango ice cream,427
https://www.justonecookbook.com/green-tea-souffle/,Green tea souffle,428
https://www.justonecookbook.com/matcha-basque-cheesecake/,Matcha basque burnt cheesecake,429
https://www.justonecookbook.com/simple-crepes/,Simple crepes,430
https://www.justonecookbook.com/taro-tapioca-dessert-soup/,Taro tapioca dessert soup,431
https://www.justonecookbook.com/fruit-popsicles/,Fruit popsicles,432
https://www.justonecookbook.com/butter-cookies-hato-sabure-recipe/,Butter cookies (homemade hato sabure),433
https://www.justonecookbook.com/blueberry-cheesecake/,Blueberry cheesecake,434
https://www.justonecookbook.com/ujikintoki-green-tea-shaved-ice/,Ujikintoki (green tea shaved ice),435
https://www.justonecookbook.com/hanami-dango/,Hanami dango,436
https://www.justonecookbook.com/cherry-ice-cream/,Cherry ice cream,437
https://www.justonecookbook.com/matcha-mille-crepe-cake/,Matcha mille crepe cake,438
https://www.justonecookbook.com/green-tea-creme-brulee/,Green tea creme brulee,439
https://www.justonecookbook.com/nougat-semifreddo-guest-post-by-alterkitchen/,Nougat semifreddo,440
https://omnivorescookbook.com/eight-treasure-rice/,"Eight treasure rice (八宝饭, chinese rice pudding)",1141
https://omnivorescookbook.com/mango-sago/,Mango sago (杨枝甘露),1142
https://omnivorescookbook.com/dou-fu-nao/,"Dou fu nao (豆腐脑, beijing-style tofu pudding with gravy)",706
https://omnivorescookbook.com/strawberry-thumbprint-cookies/,Strawberry thumbprint cookies,1143
https://omnivorescookbook.com/red-bean-popsicles/,Creamy red bean popsicles (红豆冰棍),1144
https://omnivorescookbook.com/chinese-fish-en-papillote/,Chinese fish en papillote (paper wrapped fish in sesame ginger sauce),714
https://omnivorescookbook.com/gluten-free-apple-crumble/,Gluten-free apple crumble (without oats),1145
https://omnivorescookbook.com/white-chocolate-lemon-cupcakes/,White chocolate lemon cupcakes,1146
https://omnivorescookbook.com/ginger-creme-brulee/,Ginger creme brulee,1147
https://omnivorescookbook.com/recipes/black-rice-with-coconut-milk-and-fruits/,Black rice with coconut milk and fruits,1148
https://omnivorescookbook.com/recipes/family-favorite-fruitcake/,Family favorite fruitcake,1149
https://omnivorescookbook.com/chinese-bird-nest/,How to cook chinese bird nest (燕窝),1150
https://omnivorescookbook.com/recipes/how-to-make-red-bean-paste/,How to make red bean paste,1151
https://omnivorescookbook.com/easy-pie-crust/,Easy pie crust (with food processor),1152
https://omnivorescookbook.com/chinese-banana-fritters/,"Chinese banana fritters (炸香蕉, fried banana)",1153
https://omnivorescookbook.com/vegan-mango-pudding/,Vegan mango pudding,1154
https://omnivorescookbook.com/recipes/zongzi-red-bean-paste/,Zongzi with red bean paste (sticky rice dumplings),1155
https://omnivorescookbook.com/recipes/apple-pie-cookies/,Apple pie cookies,1156
https://omnivorescookbook.com/black-sesame-soup/,Black sesame soup (黑芝麻糊),1157
https://omnivorescookbook.com/mango-sticky-rice/,Mango sticky rice,1158
https://omnivorescookbook.com/red-bean-soup/,Red bean soup (红豆汤),1159
https://omnivorescookbook.com/almond-tofu/,"Almond tofu (almond pudding, 杏仁豆腐)",1160
https://omnivorescookbook.com/chinese-walnut-cookies/,Chinese walnut cookies (核桃酥),1161
https://omnivorescookbook.com/japanese-strawberry-shortcake/,Japanese strawberry shortcake,1162
https://omnivorescookbook.com/tang-yuan/,Tang yuan (sweet rice balls with peanut butter filling),1163
https://omnivorescookbook.com/eight-treasure-congee/,Eight treasure congee (八宝粥),1164
https://omnivorescookbook.com/salted-chocolate-chip-cookies/,Salted chocolate chip cookies,1165
https://omnivorescookbook.com/sticky-rice-cake-with-red-bean-paste/,Sticky rice cake with red bean paste,1166
https://omnivorescookbook.com/snow-skin-mooncake-custard/,Snow skin mooncake with custard filling (冰皮月饼),1167
https://omnivorescookbook.com/kabocha-pumpkin-pie/,Kabocha pumpkin pie (a lighter and fluffier pie),1168
https://omnivorescookbook.com/black-sesame-ice-cream/,4-ingredient no-churn black sesame ice cream,1169
https://omnivorescookbook.com/shen-jian-bao/,"Sheng jian bao (生煎包, shanghai pan-fried pork buns)",717
https://thewoksoflife.com/peach-squares/,Peach squares,1197
https://thewoksoflife.com/alkaline-rice-dumplings-zongzi/,Jianshui zong (alkaline rice dumplings - 碱水粽),1198
https://thewoksoflife.com/lotus-mooncakes-egg-yolks/,Lotus mooncakes with salted egg yolks,1199
https://thewoksoflife.com/apple-cinnamon-coffee-cake/,Apple cinnamon coffee cake,1200
https://thewoksoflife.com/baobing-chinese-shaved-ice/,Chinese shaved ice,1201
https://thewoksoflife.com/pumpkin-mochi-pumpkin-filling/,Pumpkin mochi with pumpkin filling,1202
https://thewoksoflife.com/snow-skin-mooncakes/,Snow skin mooncakes,1203
https://thewoksoflife.com/peanut-butter-and-jelly-cookies/,Peanut butter and jelly cookies,1204
https://thewoksoflife.com/matcha-bacon-sugar-cookies/,Matcha bacon sugar cookies,1205
https://thewoksoflife.com/shepherds-purse-tofu-soup/,Shepherd’s purse tofu soup,1206
https://thewoksoflife.com/favorite-carrot-cake-recipe/,Our favorite carrot cake recipe,1207
https://thewoksoflife.com/sesame-balls/,Sesame balls,1208
https://thewoksoflife.com/xiamen-mei-fun-noodles/,Xiamen mei fun rice noodles,1209
https://thewoksoflife.com/triple-layer-berry-cake-w-lemon-cream-thyme/,Triple layer berry cake with lemon cream & thyme,1210
https://thewoksoflife.com/nian-gao-recipe/,Chinese new year sweet rice cake (nian gao),1211
https://thewoksoflife.com/yogurt-popsicles-fruit/,4-ingredient fruit & yogurt popsicles,1212
https://thewoksoflife.com/mulberry-galette-w-vanilla-sauce/,Mulberry galette with vanilla sauce,1213
https://thewoksoflife.com/cantonese-steamed-milk-egg-pudding/,Cantonese steamed milk egg pudding (双皮奶),1214
https://thewoksoflife.com/osmanthus-cake/,Osmanthus cake,1215
https://thewoksoflife.com/spanish-chicken-stew/,Ma’s spanish chicken stew,1216
https://thewoksoflife.com/sweet-red-bean-paste-recipe-instant-pot/,Sweet red bean paste recipe (in an instant pot),1217
https://thewoksoflife.com/frozen-mango-coconut/,Guilt-free frozen mango coconut ices,1218
https://thewoksoflife.com/welsh-cakes/,Traditional welsh cakes recipe from mary berry,1219
https://thewoksoflife.com/peanut-mochi-coconut/,Coconut peanut mochi,1220
https://thewoksoflife.com/red-bean-soup/,Sweet red bean soup,1221
https://thewoksoflife.com/mung-bean-popsicles/,Mung bean popsicles,1222
https://thewoksoflife.com/strawberry-cheesecake/,Sarah's strawberry cheesecake,1223
https://thewoksoflife.com/pumpkin-tres-leches-cake/,Pumpkin tres leches cake with spiced cream,1224
https://thewoksoflife.com/inside-hong-kong-coconut-buns/,Inside-out hong kong coconut buns,1225
https://thewoksoflife.com/peanut-butter-cupcakes-with-black-sesame-frosting/,Peanut butter cupcakes with black sesame frosting,1226
https://thewoksoflife.com/black-sticky-rice-mango-dessert/,Black sticky rice mango dessert,1227
https://thewoksoflife.com/blueberry-yogurt-scones/,Blueberry yogurt scones,1228
https://thewoksoflife.com/holiday-marshmallow-treats/,Holiday marshmallow treats,1229
https://thewoksoflife.com/tang-yuan-recipe/,Tang yuan (sweet rice balls with black sesame filling),1230
https://thewoksoflife.com/pumpkin-pie-pecan-streusel/,Pumpkin pie with pecan streusel,1231
https://thewoksoflife.com/funfetti-ice-cream-sandwiches/,Funfetti ice cream sandwiches,1232
https://thewoksoflife.com/honey-banana-cake/,Honey banana cake,1233
https://thewoksoflife.com/classic-peanut-butter-cake/,Classic peanut butter cake,1234
https://thewoksoflife.com/ham-nut-mooncake-recipe/,Ham and nut mooncakes (wu ren yue bing 五仁月饼),1235
https://thewoksoflife.com/chocolate-nutella-rolls/,Chocolate nutella rolls - an asian milk bread recipe,1236
https://thewoksoflife.com/dairy-free-lemon-cake/,Dairy-free lemon cake,1237
https://thewoksoflife.com/red-bean-bread/,Red bean bread,1238
https://thewoksoflife.com/apple-fritters-cinnamon-sugar/,Apple fritters,1239
https://thewoksoflife.com/easy-irish-soda-bread-raisins/,Irish soda bread,1240
https://thewoksoflife.com/pumpkin-cake-w-mexican-chocolate-whipped-cream/,Pumpkin cake with mexican chocolate whipped cream,1241
https://thewoksoflife.com/coconut-tapioca-dessert/,Coconut tapioca dessert with sweet rice balls,1242
https://thewoksoflife.com/thai-black-rice-dessert/,Thai black sticky rice dessert (two honeymoon dessert recipes!),1243
https://thewoksoflife.com/chinese-walnut-cookies/,Chinese walnut cookies,1244
https://thewoksoflife.com/yellow-cake/,Perfect yellow cake,1245
https://thewoksoflife.com/flaky-apple-pie-recipe/,Flaky apple pie,1246
https://thewoksoflife.com/churn-bourbon-cherry-pie-ice-cream/,No-churn bourbon cherry pie ice cream,1247
https://thewoksoflife.com/pumpkin-cupcakes/,Pumpkin cupcakes with maple vanilla buttercream,1248
https://thewoksoflife.com/flourless-chocolate-citrus-almond-cake/,Flourless chocolate citrus almond cake,1249
https://thewoksoflife.com/quick-blackberry-apple-tart/,Quick blackberry apple tart,1250
https://thewoksoflife.com/easy-rough-puff-pastry/,Easy rough puff pastry,1251
https://thewoksoflife.com/blueberry-pancakes/,Blueberry pancakes,1252
https://thewoksoflife.com/mango-pie/,Mango pie recipe with citrus whipped cream,1253
https://thewoksoflife.com/chocolate-cake-recipe/,Our favorite chocolate cake recipe (a psa),1254
https://thewoksoflife.com/chocolate-rice-krispie-nuggets/,Chocolate-covered rice krispie nuggets with sea salt,1255
https://thewoksoflife.com/hong-kong-egg-tarts/,Hong kong egg tarts,1256
https://thewoksoflife.com/vegan-chocolate-peanut-butter-silk-tart/,Vegan chocolate peanut butter silk tart,1257
https://thewoksoflife.com/bai-tang-gao-white-sugar-sponge-cake/,White sugar sponge cake (bai tang gao - 白糖糕),1258
https://thewoksoflife.com/key-lime-tart/,Key lime tart,1259
https://thewoksoflife.com/pumpkin-granola/,Pumpkin granola,1260
https://thewoksoflife.com/chinese-pineapple-buns-pork/,Chinese pineapple buns with roast pork filling,1261
https://thewoksoflife.com/dark-chocolate-pumpkin-scones/,Dark chocolate pumpkin scones,1262
https://thewoksoflife.com/chinese-swiss-roll/,Chinese swiss roll,1263
https://thewoksoflife.com/sweet-cherry-hand-pies/,Sweet cherry hand pies,1264
https://thewoksoflife.com/portuguese-custard-tarts-pasteis-de-nata/,Portuguese custard tarts (pasteis de nata),1265
https://thewoksoflife.com/apple-cream-cheese-tart/,Apple cream cheese tart,1266
https://thewoksoflife.com/snow-fungus-soup-pears/,Snow fungus soup with pears,1267
https://thewoksoflife.com/lemon-basil-yogurt-cake/,Lemon basil yogurt cake,1268
https://thewoksoflife.com/cinnamon-raisin-buns/,Cinnamon raisin buns,1269
https://thewoksoflife.com/pumpkin-mini-muffins/,Pumpkin mini muffins,1270
https://thewoksoflife.com/clementine-cakes/,Clementine cakes,1271
https://thewoksoflife.com/bourbon-banana-cream-pie/,Easy bourbon banana cream pie,1272
https://thewoksoflife.com/grass-jelly-dessert/,Grass jelly dessert,1273
https://thewoksoflife.com/chock-full-o-nuts-chocolate-chip-cookies/,“chock full o’ nuts” chocolate chip cookies,1274
https://thewoksoflife.com/mango-muffins/,Mango muffins with oatmeal crumb topping,1275
https://thewoksoflife.com/peach-pie/,Peach pie,1276
https://thewoksoflife.com/ma-lai-go-chinese-steamed-cake/,Ma lai go chinese steamed cake,1277
https://thewoksoflife.com/lotus-seed-paste/,How to make lotus seed paste,1278
https://thewoksoflife.com/brussels-cookies-recipe/,Chocolate oatmeal sandwich cookies (brussels cookies recipe),1279
https://thewoksoflife.com/steamed-red-bean-buns/,Steamed red bean buns,1280
https://thewoksoflife.com/mango-sago/,Mango sago,1281
https://thewoksoflife.com/grilled-peach-crisps-yogurt/,Grilled peach crisps with yogurt,1282
https://thewoksoflife.com/summer-berry-pie/,Summer berry pie,1283
https://thewoksoflife.com/how-to-cook-tapioca-pearls/,How to cook tapioca pearls,1284
https://thewoksoflife.com/olive-oil-pecan-rum-cake/,Olive oil pecan rum cake,1285
https://thewoksoflife.com/pineapple-buns/,Pineapple buns,1286
https://thewoksoflife.com/nai-wong-bao-custard-buns/,Cantonese steamed custard buns (nai wong bao),1287
https://thewoksoflife.com/almond-cookies-chinese/,Old-fashioned chinese almond cookies,1288
https://thewoksoflife.com/pumpkin-brownies-swirl/,Swirled pumpkin brownies,1289
https://thewoksoflife.com/glazed-pumpkin-scones/,Glazed pumpkin scones,1290
https://thewoksoflife.com/dairy-free-cheesecake/,Dairy-free cheesecake,1291
https://thewoksoflife.com/peanut-butter-and-jelly-scones/,Peanut butter and jelly scones,1292
https://thewoksoflife.com/guo-bao-rou-dongbei/,Dongbei guo bao rou (crispy sweet & sour pork),1293
https://thewoksoflife.com/stone-fruit-semolina-olive-oil-cake-earl-grey-rose-syrup/,Stone fruit semolina olive oil cake w/ earl grey rose syrup,1294
https://thewoksoflife.com/coconut-buns-cocktail-buns/,Coconut buns (chinese cocktail buns),1295
https://thewoksoflife.com/peach-pancakes/,Peach pancakes with maple cream syrup,1296
https://thewoksoflife.com/basil-berry-cake/,Basil berry cake,1297
https://thewoksoflife.com/cranberry-orange-cookies/,Cranberry orange cookies,1298
https://thewoksoflife.com/citrus-cake-candied-oranges/,Citrus cake with candied oranges,1299
https://thewoksoflife.com/berry-tart-mascarpone/,Fresh berry tart with sweet mascarpone filling,1300
https://thewoksoflife.com/chinese-sesame-peanut-brittle/,Homemade chinese sesame peanut brittle,1301
https://thewoksoflife.com/palmiers-recipe/,French palmier cookies,1302
https://thewoksoflife.com/red-bean-mooncakes-su-style/,Su-style red bean mooncakes (苏式月饼),1303
https://thewoksoflife.com/how-to-make-golden-syrup/,How to make golden syrup,1304
https://thewoksoflife.com/butternut-squash-pie/,Butternut squash pie family recipe,1305
https://www.justonecookbook.com/soba-salad/,Soba noodle salad,441
https://www.justonecookbook.com/seaweed-salad-recipe/,Seaweed salad,442
https://www.justonecookbook.com/daikon-salad-radish-salad/,Daikon salad (radish salad with japanese plum dressing),443
https://www.justonecookbook.com/shabu-shabu-salad/,Shabu shabu salad,444
https://www.justonecookbook.com/eggplant-and-myoga-salad/,Eggplant and myoga salad,445
https://www.justonecookbook.com/japanese-salad-dressings/,4 easy japanese salad dressings,446
https://www.justonecookbook.com/apple-walnut-salad/,Apple walnut salad,447
https://www.justonecookbook.com/pork-shabu-salad-with-ponzu-dressing-egg-drop-soup/,Pork shabu salad with ponzu dressing & egg drop soup,448
https://www.justonecookbook.com/tomato-myoga-salad/,Tomato myoga salad,449
https://www.justonecookbook.com/gobo-salad-japanese-burdock-root-salad/,Gobo salad,450
https://www.justonecookbook.com/sunomono-with-cucumber-and-wakame/,Japanese cucumber salad (sunomono),451
https://www.justonecookbook.com/pressure-cooker-potato-salad/,Instant pot potato salad,452
https://www.justonecookbook.com/seafood-salad/,Seafood salad with vinaigrette,453
https://www.justonecookbook.com/steak-salad-shoyu-dressing/,Steak salad with shoyu dressing,454
https://www.justonecookbook.com/carrot-ginger-dressing/,Carrot ginger dressing,455
https://www.justonecookbook.com/caesar-salad/,Caesar salad with homemade croutons,456
https://www.justonecookbook.com/spinach-salad-with-asian-salad-dressing/,Spinach salad with asian salad dressing,457
https://www.justonecookbook.com/sesame-dressing/,Japanese sesame dressing,458
https://www.justonecookbook.com/japanese-cucumber-salad/,Japanese cucumber salad,459
https://www.justonecookbook.com/japanese-potato-salad/,Japanese potato salad,460
https://www.justonecookbook.com/asian-coleslaw/,Asian coleslaw with sesame dressing,461
https://www.justonecookbook.com/warm-mushroom-salad-sesame-dressing/,Warm mushroom salad with sesame dressing,462
https://www.justonecookbook.com/hijiki-salad/,Hijiki salad (hijiki no nimono),260
https://www.justonecookbook.com/crab-salad-with-ponzu-mayonnaise-dressing/,Japanese kani salad,463
https://www.justonecookbook.com/honey-sesame-shirataki-noodles/,Honey sesame shirataki noodles,464
https://www.justonecookbook.com/octopus-salad-tako-su/,Octopus salad (tako su),465
https://www.justonecookbook.com/smoked-salmon-salad-with-lemon-vinaigrette/,Smoked salmon salad with lemon vinaigrette,466
https://www.justonecookbook.com/wafu-dressing-japanese-salad-dressing/,Wafu dressing (japanese salad dressing),467
https://www.justonecookbook.com/easy-carrot-salad/,Easy carrot salad,468
https://www.justonecookbook.com/mizuna-myoga-salad-with-soy-sesame-dressing/,Mizuna myoga salad,469
https://www.justonecookbook.com/harusame-salad/,Harusame salad (japanese glass noodle salad),470
https://www.justonecookbook.com/spicy-bean-sprout-salad/,Spicy bean sprout salad,471
https://www.justonecookbook.com/kabocha-salad/,Kabocha salad,472
https://www.justonecookbook.com/green-bean-shiraae/,Green bean shiraae (mashed tofu salad),473
https://www.justonecookbook.com/strawberry-dressing/,Strawberry dressing,474
https://www.justonecookbook.com/massaged-kale-salad-with-mango/,Massaged kale salad with mango,475
https://www.justonecookbook.com/apple-salad/,Apple salad,476
https://www.justonecookbook.com/japanese-macaroni-salad/,Japanese macaroni salad,477
https://www.justonecookbook.com/broccolini-gomaae/,Broccolini gomaae,478
https://www.justonecookbook.com/arugula-fennel-navel-orange-salad/,Arugula salad with fennel and navel orange,479
https://www.justonecookbook.com/spring-mix-salad-with-sweet-miso-dressing/,Spring mix salad with sweet miso dressing,480
https://www.justonecookbook.com/roasted-cauliflower-kale-salad-with-miso-tahini-dressing/,Roasted cauliflower kale salad with miso tahini dressing,481
https://www.justonecookbook.com/bitter-melon-salad/,Bitter melon salad,234
https://www.justonecookbook.com/spiralized-cucumber-salad/,Japanese cucumber salad with sesame soy vinaigrette,482
https://www.justonecookbook.com/green-salad-with-blood-orange-vinaigrette/,Green salad with blood orange vinaigrette,483
https://www.justonecookbook.com/spinach-with-sesame-sauce/,Japanese spinach salad with sesame dressing (horenso gomaae),484
https://www.justonecookbook.com/shrimp-salad-recipe/,Shrimp and broccoli salad,485
https://www.justonecookbook.com/arugula-salad/,Arugula salad,486
https://www.justonecookbook.com/tofu-salad-with-sesame-ponzu-dressing/,Tofu salad with sesame ponzu dressing,487
https://thewoksoflife.com/tamarind-iced-tea/,Tamarind iced tea,2023
https://thewoksoflife.com/how-to-make-soy-milk/,How to make soy milk at home,1728
https://thewoksoflife.com/avocado-smoothies-boba/,Avocado smoothies with boba,2024
https://thewoksoflife.com/sour-plum-drink-suan-mei-tang/,Sour plum drink (suan mei tang - 酸梅汤),2025
https://thewoksoflife.com/frozen-white-peach-mango-margaritas/,Frozen white peach mango margaritas,2026
https://thewoksoflife.com/yuanyang-tea-hong-kong/,Yuanyang tea (hong kong style tea brewed with coffee),2027
https://thewoksoflife.com/bubble-tea/,"Bubble tea recipe, a chinese favorite",2028
https://thewoksoflife.com/sweet-corn-drink/,Creamy sweet corn drink,2029
https://thewoksoflife.com/how-to-make-vietnamese-coffee/,How to make vietnamese coffee,2030
https://thewoksoflife.com/hong-kong-milk-tea/,Hong kong milk tea,2031
https://thewoksoflife.com/peach-daiquiris-frozen/,Frozen peach daiquiris,2032
https://thewoksoflife.com/chrysanthemum-tea-benefits/,Chrysanthemum tea benefits (and how to make it),1813
https://thewoksoflife.com/shandong-pork-fish-dumplings/,Shandong pork and fish dumplings (jiaozi),1899
https://thewoksoflife.com/hawthorn-iced-tea/,Hawthorn iced tea,2033
https://thewoksoflife.com/sparkling-strawberry-oolong-arnold-palmer/,Sparkling strawberry oolong arnold palmer,2034
https://thewoksoflife.com/chinese-ginger-tea-dates/,Chinese ginger tea with red dates,2035
https://omnivorescookbook.com/steamed-char-siu-bao/,Char siu bao (steamed bbq pork buns),987
https://omnivorescookbook.com/recipes/addictive-kimchi-pork-steamed-bun/,Addictive kimchi pork steamed buns,988
https://omnivorescookbook.com/candied-walnut/,Candied walnuts with spice,989
https://omnivorescookbook.com/recipes/no-sugar-shortbread-cookies-with-nuts/,No-sugar shortbread cookies with nuts,990
https://omnivorescookbook.com/fluffy-burger-bun/,Fluffy burger bun,991
https://omnivorescookbook.com/chinese-almond-cookies/,Chinese almond cookies,992
https://omnivorescookbook.com/soft-cinnamon-rolls-with-sesame/,Soft cinnamon rolls with sesame,993
https://omnivorescookbook.com/recipe/low-sugar-banana-bread/,Low sugar banana bread,994
https://omnivorescookbook.com/fluffy-monkey-bread-jujube-syrup/,Fluffy monkey bread with jujube syrup,995
https://omnivorescookbook.com/recipes/matcha-cake/,Matcha cake,996
https://omnivorescookbook.com/pineapple-buns/,Pineapple buns (bolo bao),997
https://omnivorescookbook.com/recipes/chinese-pumpkin-bun/,Chinese pumpkin bun,998
https://omnivorescookbook.com/milk-bread-rolls/,Easy milk bread rolls,999
https://omnivorescookbook.com/steamed-custard-buns/,"Chinese steamed custard buns (nai wong bao, 奶黄包)",1000
https://omnivorescookbook.com/homemade-lotus-seed-paste/,Homemade lotus seed paste (莲蓉馅),1001
https://omnivorescookbook.com/baked-bbq-pork-buns/,Baked bbq pork buns (char siu bao),1002
https://omnivorescookbook.com/chinese-egg-cake/,Chinese egg cake (鸡蛋糕),1003
https://omnivorescookbook.com/dan-huang-su/,"Dan huang su (pastry mooncake with salty egg yolk, 蛋黄酥)",1004
https://omnivorescookbook.com/sesame-checkerboard-cookies/,Sesame checkerboard cookies,1005
