url,none
https://mykoreankitchen.com/spicy-mayo-recipe/,1
https://mykoreankitchen.com/strawberry-milk/,1
https://mykoreankitchen.com/dakgangjeong-soy-garlic-fried-chicken/,1
https://mykoreankitchen.com/chili-oil-recipe/,1
https://mykoreankitchen.com/dalgona-coffee-whipped-coffee/,1
https://mykoreankitchen.com/omelet-rice-omurice/,1
https://mykoreankitchen.com/tuna-pancakes-chamchijeon/,1
https://mykoreankitchen.com/pan-fried-zucchini/,1
https://mykoreankitchen.com/slow-cooker-short-ribs/,1
https://mykoreankitchen.com/korean-ground-beef-rice-bowls/,1
https://mykoreankitchen.com/doenjang-jjigae/,1
https://mykoreankitchen.com/spicy-sweet-and-vinegary-noodles-bibim-guksu/,1
https://mykoreankitchen.com/galbitang-beef-short-rib-soup/,1
https://mykoreankitchen.com/nuclear-fire-noodle-fries/,1
https://mykoreankitchen.com/kimchi-jjim-braised-kimchi/,1
https://mykoreankitchen.com/air-fryer-chicken-wings/,1
https://mykoreankitchen.com/pickled-radishes/,1
https://mykoreankitchen.com/air-fryer-chickpeas/,1
https://mykoreankitchen.com/bean-sprout-rice-kongnamul-bap/,1
https://mykoreankitchen.com/gochujang-chicken/,1
https://mykoreankitchen.com/korean-style-tuna-cakes/,1
https://www.justonecookbook.com/pickled-ginger/,1
https://www.justonecookbook.com/korean-pancake/,1
https://www.justonecookbook.com/pickled-cucumber/,1
https://www.justonecookbook.com/takikomi-gohan/,1
https://www.justonecookbook.com/myoga-shiso-rice/,1
https://www.justonecookbook.com/pickled-lotus-root/,1
https://www.justonecookbook.com/maple-and-miso-glazed-roasted-carrots/,1
https://www.justonecookbook.com/simmered-koyadofu/,1
https://www.justonecookbook.com/tsukemono-shiozuke-salt-pickling/,1
https://www.justonecookbook.com/kuri-kinton-candied-chestnuts-with-sweet-potatoes/,1
https://www.justonecookbook.com/simmered-kombu-tsukudani/,1
https://www.justonecookbook.com/sweet-onion-takikomi-gohan/,1
https://www.justonecookbook.com/agedashi-tofu-2/,1
https://www.justonecookbook.com/simmered-sweet-potatoes-with-lemon/,1
https://www.justonecookbook.com/tsukemono-amazuzuke-sweet-vinegar-pickling/,1
https://www.justonecookbook.com/bean-sprout-namul/,1
https://www.justonecookbook.com/miso-meat-sauce-niku-miso/,1
https://www.justonecookbook.com/quick-and-easy-tamagoyaki/,1
https://www.justonecookbook.com/pickled-tomatoes/,1
https://www.justonecookbook.com/spinach-and-bean-sprout-namul/,1
https://www.justonecookbook.com/bitter-melon-salad/,1
https://www.justonecookbook.com/kuromame-sweet-black-soybeans/,1
https://www.justonecookbook.com/ham-flower/,1
https://www.justonecookbook.com/easy-orange-ginger-cranberry-sauce/,1
https://www.justonecookbook.com/tsukemono-misozuke-miso-pickling/,1
https://www.justonecookbook.com/homemade-chashu/,1
https://www.justonecookbook.com/tamagoyaki-japanese-rolled-omelette/,1
https://www.justonecookbook.com/sekihan-japanese-azuki-beans-rice/,1
https://www.justonecookbook.com/chikuzenni-simmered-chicken-and-vegetables/,1
https://www.justonecookbook.com/green-beans-with-yuzu-vinaigrette/,1
https://www.justonecookbook.com/pearl-balls-guest-post-by-weeknite-meals/,1
https://www.justonecookbook.com/bamboo-rice-takenoko-gohan/,1
https://www.justonecookbook.com/simmered-bamboo-shoots/,1
https://www.justonecookbook.com/simmered-kabocha-squash/,1
https://www.justonecookbook.com/how-to-make-rice/,1
https://www.justonecookbook.com/simmered-fried-tofu-and-greens/,1
https://www.justonecookbook.com/daikon-leaves-furikake/,1
https://www.justonecookbook.com/plum-rice-ball/,1
https://www.justonecookbook.com/ume-shiso-rice/,1
https://www.justonecookbook.com/green-bean-gomaae/,1
https://www.justonecookbook.com/pickled-daikon/,1
https://www.justonecookbook.com/steamed-vegetables-with-miso-sesame-sauce/,1
https://www.justonecookbook.com/pickled-cucumbers-and-myoga/,1
https://www.justonecookbook.com/matsutake-gohan/,1
https://www.justonecookbook.com/yaki-onigiri-grilled-rice-ball/,1
https://www.justonecookbook.com/how-to-cook-rice/,1
https://www.justonecookbook.com/pounded-burdock-root-with-sesame-sauce/,1
https://www.justonecookbook.com/tsukemono-pickled-cabbage/,1
https://www.justonecookbook.com/hijiki-salad/,1
https://www.justonecookbook.com/tsukemono-kasuzuke-sake-lees-pickling/,1
https://www.justonecookbook.com/easy-soy-sauce-pickles/,1
https://www.justonecookbook.com/pickled-daikon-with-shio-koji/,1
https://www.justonecookbook.com/simmered-taro/,1
https://www.justonecookbook.com/instant-pot-rice/,1
https://www.justonecookbook.com/miso-yaki-onigiri/,1
https://www.justonecookbook.com/pickled-turnip-with-yuzu/,1
https://www.justonecookbook.com/tsukemono-shoyuzuke-soy-sauce-pickling/,1
https://www.justonecookbook.com/ramen-egg/,1
https://www.justonecookbook.com/pickled-watermelon-rind/,1
https://www.justonecookbook.com/how-to-make-sushi-rice/,1
https://www.justonecookbook.com/simmered-kabocha-with-shio-koji/,1
https://www.justonecookbook.com/nanakusa-gayu-seven-herb-rice-porridge/,1
https://www.justonecookbook.com/kinpira-renkon-lotus-root/,1
https://www.justonecookbook.com/japanese-pickled-cucumber/,1
https://www.justonecookbook.com/cherry-blossom-rice-balls/,1
https://www.justonecookbook.com/shibazuke-pickles/,1
https://www.justonecookbook.com/namasu-daikon-and-carrot-salad/,1
https://www.justonecookbook.com/how-to-cook-rice-in-donabe/,1
https://www.justonecookbook.com/how-to-enjoy-japanese-mochi/,1
https://www.justonecookbook.com/instant-pot-brown-rice/,1
https://www.justonecookbook.com/onigiri-rice-balls/,1
https://www.justonecookbook.com/chestnut-rice-kurigohan/,1
https://www.justonecookbook.com/ginger-rice/,1
https://www.justonecookbook.com/instant-pot-takikomi-gohan/,1
https://www.justonecookbook.com/instant-pot-kuromame/,1
https://www.justonecookbook.com/kinpira-gobo-braised-carrot-burdock-root/,1
https://www.justonecookbook.com/spinach-with-sesame-miso-sauce/,1
https://www.justonecookbook.com/okra-ohitashi/,1
https://www.justonecookbook.com/dinner-rolls/,1
https://www.justonecookbook.com/spinach-ohitashi-japanese-spinach-salad-with-bonito-flakes/,1
https://www.justonecookbook.com/grilled-corn-with-miso-butter/,1
https://www.justonecookbook.com/onsen-tamago/,1
https://www.justonecookbook.com/japanese-turnips-with-soboro-ankake-sauce/,1
https://www.justonecookbook.com/mashed-potatoes-with-shio-koji/,1
https://www.justonecookbook.com/baby-sardine-tsukudani/,1
https://www.justonecookbook.com/daikon-and-cucumber-salad-with-shio-koji/,1
https://www.justonecookbook.com/popovers-with-strawberry-butter/,1
https://www.justonecookbook.com/miso-glazed-eggplant/,1
https://www.justonecookbook.com/sansai-gohan/,1
https://www.justonecookbook.com/pickled-cucumbers/,1
https://www.justonecookbook.com/chikuwa-cucumber/,1
https://www.justonecookbook.com/broccoli-blanched-with-sesame-oil/,1
https://www.justonecookbook.com/simmered-kiriboshi-daikon/,1
https://www.justonecookbook.com/tai-meshi-with-leftover-baked-sea-bream/,1
https://www.justonecookbook.com/mame-gohan-green-pea-rice/,1
https://www.justonecookbook.com/how-to-make-octopus-sausage-tako-sausage/,1
https://omnivorescookbook.com/fried-cabbage/,1
https://omnivorescookbook.com/recipes/teriyaki-king-oyster-mushroom/,1
https://omnivorescookbook.com/recipes/roasted-vegetables-with-balsamic-glaze/,1
https://omnivorescookbook.com/grilled-eggplant-with-yu-xiang-sauce/,1
https://omnivorescookbook.com/winter-melon-stir-fry/,1
https://omnivorescookbook.com/dou-fu-nao/,1
https://omnivorescookbook.com/vegetable-fried-rice/,1
https://omnivorescookbook.com/cranberry-relish/,1
https://omnivorescookbook.com/instant-pot-chinese-sausage-rice/,1
https://omnivorescookbook.com/recipes/chinese-spinach-and-peanut-salad/,1
https://omnivorescookbook.com/recipes/seafood-congee/,1
https://omnivorescookbook.com/quick-pickled-shallots/,1
https://omnivorescookbook.com/cabbage-glass-noodles-stir-fry/,1
https://omnivorescookbook.com/restaurant-style-mashed-potatoes/,1
https://omnivorescookbook.com/potato-stir-fry/,1
https://omnivorescookbook.com/choy-sum-with-dried-shrimps/,1
https://omnivorescookbook.com/baby-bok-choy-stir-fry/,1
https://omnivorescookbook.com/steamed-eggplant/,1
https://omnivorescookbook.com/kimchi-fried-rice/,1
https://omnivorescookbook.com/bean-sprout-stir-fry/,1
https://omnivorescookbook.com/chinese-soy-sauce-eggs/,1
https://omnivorescookbook.com/tofu-fried-rice/,1
https://omnivorescookbook.com/recipes/stir-fried-bok-choy-with-crispy-tofu/,1
https://omnivorescookbook.com/turkish-potato-casserole-patates-bastisi/,1
https://omnivorescookbook.com/vegetables-egg-and-ham-fried-rice/,1
https://omnivorescookbook.com/szechuan-dry-fried-green-beans/,1
https://omnivorescookbook.com/stir-fried-cauliflower-with-tomato-sauce/,1
https://omnivorescookbook.com/roasted-orange-cauliflower/,1
https://omnivorescookbook.com/pork-fried-rice/,1
https://omnivorescookbook.com/potato-brussels-sprouts-salad/,1
https://omnivorescookbook.com/pressure-cooker-brown-rice/,1
https://omnivorescookbook.com/perfect-steak-and-roasted-brussels-sprouts/,1
https://omnivorescookbook.com/napa-cabbage-stir-fry-vinegar-sauce/,1
https://omnivorescookbook.com/milk-bread-rolls/,1
https://omnivorescookbook.com/stir-fried-water-spinach/,1
https://omnivorescookbook.com/recipes/classic-tomato-and-egg-stir-fry/,1
https://omnivorescookbook.com/recipes/green-beans-with-spicy-peanut-sauce/,1
https://omnivorescookbook.com/silkie-chicken-soup/,1
https://omnivorescookbook.com/recipes/stir-fried-lotus-root-with-pepper/,1
https://omnivorescookbook.com/marinated-egg/,1
https://omnivorescookbook.com/sticky-rice-stuffing/,1
https://omnivorescookbook.com/shen-jian-bao/,1
https://omnivorescookbook.com/recipes/chinese-broccoli-with-oyster-sauce/,1
https://omnivorescookbook.com/chinese-napa-cabbage-with-glass-noodles/,1
https://omnivorescookbook.com/creamy-chicken-potato-salad/,1
https://omnivorescookbook.com/zucchini-stir-fry/,1
https://omnivorescookbook.com/roasted-baby-squash/,1
https://omnivorescookbook.com/hoisin-roasted-asparagus/,1
https://omnivorescookbook.com/vegetarian-lentil-stew/,1
https://omnivorescookbook.com/how-to-make-congee/,1
https://omnivorescookbook.com/five-spice-garlic-roasted-potatoes/,1
https://omnivorescookbook.com/kung-pao-brussels-sprouts/,1
https://omnivorescookbook.com/stir-fried-bitter-melon/,1
https://omnivorescookbook.com/recipes/four-ingredient-okra-stir-fry/,1
https://omnivorescookbook.com/lemongrass-pumpkin-porridge/,1
https://omnivorescookbook.com/choy-sum-with-garlic-sauce/,1
https://omnivorescookbook.com/sauteed-potato/,1
https://omnivorescookbook.com/oven-roasted-green-beans/,1
https://omnivorescookbook.com/chinese-fish-en-papillote/,1
https://omnivorescookbook.com/garlic-noodles/,1
https://omnivorescookbook.com/yellow-chives-eggs/,1
https://omnivorescookbook.com/chinese-coleslaw/,1
https://omnivorescookbook.com/easy-oyster-mushroom-stir-fry/,1
https://omnivorescookbook.com/chinese-grilled-potato/,1
https://omnivorescookbook.com/stir-fried-pea-shoots/,1
https://omnivorescookbook.com/how-to-make-flatbread/,1
https://omnivorescookbook.com/turkish-eggplant-with-yogurt/,1
https://omnivorescookbook.com/potato-fried-rice/,1
https://omnivorescookbook.com/chicken-fried-rice/,1
https://omnivorescookbook.com/egg-fried-rice/,1
https://omnivorescookbook.com/recipes/spicy-cauliflower-stir-fry/,1
https://omnivorescookbook.com/steamed-bao-buns/,1
https://omnivorescookbook.com/fire-roasted-eggplant/,1
https://omnivorescookbook.com/curried-vegan-green-bean-casserole/,1
https://omnivorescookbook.com/chinese-tea-eggs/,1
https://omnivorescookbook.com/pickled-watermelon-radish/,1
https://omnivorescookbook.com/easy-swiss-chard-stir-fry/,1
https://omnivorescookbook.com/easy-chinese-broccoli-recipe/,1
https://omnivorescookbook.com/celtuce-stir-fry-with-eggs/,1
https://omnivorescookbook.com/instant-pot-black-beans/,1
https://omnivorescookbook.com/stir-fried-baby-bok-choy-gluten-balls/,1
https://omnivorescookbook.com/recipes/mashed-sweet-potato-casserole/,1
https://omnivorescookbook.com/recipes/stir-fried-snow-peas-and-water-chestnuts/,1
https://omnivorescookbook.com/glazed-carrots/,1
https://omnivorescookbook.com/recipes/chinese-style-green-vegetables/,1
https://omnivorescookbook.com/xo-fried-rice/,1
https://omnivorescookbook.com/garlic-broccoli-stir-fry/,1
https://www.justonecookbook.com/corn-dogs/,1
https://www.justonecookbook.com/renkon-chips/,1
https://www.justonecookbook.com/mini-fruit-puff-pastry-with-lemon-glaze/,1
https://www.justonecookbook.com/tandoori-chicken-puffs/,1
https://www.justonecookbook.com/steamed-cake/,1
https://www.justonecookbook.com/candied-sweet-potatoes/,1
https://www.justonecookbook.com/oyaki/,1
https://www.justonecookbook.com/green-tea-steamed-cake/,1
https://www.justonecookbook.com/spicy-edamame/,1
https://www.justonecookbook.com/japanese-fruit-sandwich-fruit-sando/,1
https://www.justonecookbook.com/roast-chestnuts/,1
https://www.justonecookbook.com/rice-cracker-recipe/,1
https://www.justonecookbook.com/takoyaki-recipe/,1
https://www.justonecookbook.com/nikuman-steamed-pork-buns/,1
https://www.justonecookbook.com/homemade-popcorn-with-truffle-salt/,1
https://www.justonecookbook.com/sata-andagi/,1
https://www.justonecookbook.com/banana-bread/,1
